"features.fid"	"feature_types.id"	"feature_relations.related_feature.fid"	"perspectives.code"	"feature_relations.type.code"	"1.feature_names.name"	"1.languages.name"	"1.writing_systems.name"	"1.feature_names.info_source.code"	"2.feature_names.name"	"2.languages.name"	"2.writing_systems.name"	"2.feature_name_relations.parent_node"	"2.feature_name_relations.is_orthographic"	"2.orthographic_systems.code"	"3.feature_names.name"	"3.languages.name"	"3.writing_systems.name"	"3.feature_name_relations.parent_node"	"3.feature_name_relations.is_phonetic"	"3.phonetic_systems.name"	"4.feature_names.name"	"4.languages.name"	"4.writing_systems.name"	"feature_types.1.time_units.season_id"	"feature_types.1.time_units.date"	"feature_types.1.time_units.start_date"	"feature_types.1.time_units.end_date"	"feature_types.2.time_units.season_id"	"feature_types.2.time_units.date"	"feature_types.2.time_units.start_date"	"feature_types.2.time_units.end_date"	"feature_types.3.time_units.season_id"	"feature_types.3.time_units.date"	"feature_types.3.time_units.start_date"	"feature_types.3.time_units.end_date"	"feature_types.4.time_units.season_id"	"feature_types.4.time_units.date"	"feature_types.4.time_units.start_date"	"feature_types.4.time_units.end_date"	"feature_types.5.time_units.season_id"	"feature_types.5.time_units.date"	"feature_types.5.time_units.start_date"	"feature_types.5.time_units.end_date"	"feature_types.6.time_units.season_id"	"feature_types.6.time_units.date"	"feature_types.6.time_units.start_date"	"feature_types.6.time_units.end_date"	"feature_types.7.time_units.season_id"	"feature_types.7.time_units.date"	"feature_types.7.time_units.start_date"	"feature_types.7.time_units.end_date"	"feature_types.8.time_units.season_id"	"feature_types.8.time_units.date"	"feature_types.8.time_units.start_date"	"feature_types.8.time_units.end_date"
8074	4504	15483	"pol.rel"	"is.administered.by"	"མོང་པུ་སྲལ་འཛོང"	"Tibetan"	"Tibetan script"	" OTA"	"mong pu sral 'dzong"	"Tibetan"	"Latin script"	"1.feature_names.name"	"Yes"	"thl.ext.wyl.translit"	"Mongpu Seldzong"	"Tibetan"	"Latin script"	"1.feature_names.name"	"Yes"	"THL Simplified Tibetan Transcription"	"Mong"	"Tibetan"	"Latin script"					4	717																										
8075	4504	15483	"pol.rel"	"is.administered.by"	"འདོང་ཀའི་ནེ་ཙོ་ལུང"	"Tibetan"	"Tibetan script"	" OTA"	"dong ka'i ne tso lung"	"Tibetan"	"Latin script"	"1.feature_names.name"	"Yes"	"thl.ext.wyl.translit"	"Dongké Netsolung"	"Tibetan"	"Latin script"	"1.feature_names.name"	"Yes"	"THL Simplified Tibetan Transcription"				2	673																														
8076	4504	15483	"pol.rel"	"is.administered.by"	"དུངས་གྱི་སྟག་ཙལ"	"Tibetan"	"Tibetan script"	" OTA"	"dungs gyi stag tsal"	"Tibetan"	"Latin script"	"1.feature_names.name"	"Yes"	"thl.ext.wyl.translit"	"Dunggyi Taktsel"	"Tibetan"	"Latin script"	"1.feature_names.name"	"Yes"	"THL Simplified Tibetan Transcription"				4	673																														
8077	4504	15483	"pol.rel"	"is.administered.by"	"གླག་གི་པུ་ཅུང"	"Tibetan"	"Tibetan script"	" OTA"	"glag gi pu cung"	"Tibetan"	"Latin script"	"1.feature_names.name"	"Yes"	"thl.ext.wyl.translit"	"Lakgi Puchung"	"Tibetan"	"Latin script"	"1.feature_names.name"	"Yes"	"THL Simplified Tibetan Transcription"	"Lak"	"Tibetan"	"Latin script"	4	674			4	678			4	685			4	694			4	701			2	756			2	762			2	764		
8078	4504	15483	"pol.rel"	"is.administered.by"	"མདན"	"Tibetan"	"Tibetan script"	" OTA"	"mdan"	"Tibetan"	"Latin script"	"1.feature_names.name"	"Yes"	"thl.ext.wyl.translit"	"Den"	"Tibetan"	"Latin script"	"1.feature_names.name"	"Yes"	"THL Simplified Tibetan Transcription"	"Dan"	"Tibetan"	"Latin script"	4	678																														
8079	4504	15483	"pol.rel"	"is.administered.by"	"རུ་རིངས"	"Tibetan"	"Tibetan script"	" OTA"	"ru rings"	"Tibetan"	"Latin script"	"1.feature_names.name"	"Yes"	"thl.ext.wyl.translit"	"Ruring"	"Tibetan"	"Latin script"	"1.feature_names.name"	"Yes"	"THL Simplified Tibetan Transcription"				2	680																														
8080	4504	15483	"pol.rel"	"is.administered.by"	"སྤྲགས་གྱི་མུར་གས"	"Tibetan"	"Tibetan script"	" OTA"	"sprags gyi mur gas"	"Tibetan"	"Latin script"	"1.feature_names.name"	"Yes"	"thl.ext.wyl.translit"	"Trakgyi Murgé"	"Tibetan"	"Latin script"	"1.feature_names.name"	"Yes"	"THL Simplified Tibetan Transcription"	"Drak"	"Tibetan"	"Latin script"	3	680			2	683																										
8081	4504	15483	"pol.rel"	"is.administered.by"	"བམས་གྱི་གཡག་རུ"	"Tibetan"	"Tibetan script"	" OTA"	"bams gyi g.yag ru"	"Tibetan"	"Latin script"	"1.feature_names.name"	"Yes"	"thl.ext.wyl.translit"	"Bamgyi Yakru"	"Tibetan"	"Latin script"	"1.feature_names.name"	"Yes"	"THL Simplified Tibetan Transcription"				4	680																														
8082	4504	15483	"pol.rel"	"is.administered.by"	"ཟྲིད་མད"	"Tibetan"	"Tibetan script"	" OTA"	"zrid mda"	"Tibetan"	"Latin script"	"1.feature_names.name"	"Yes"	"thl.ext.wyl.translit"	"Zimé"	"Tibetan"	"Latin script"	"1.feature_names.name"	"Yes"	"THL Simplified Tibetan Transcription"				2	681																														
8083	4504	15483	"pol.rel"	"is.administered.by"	"རྒྱས་གྱི་ལུང་རིངས"	"Tibetan"	"Tibetan script"	" OTA"	"rgyas gyi lung rings"	"Tibetan"	"Latin script"	"1.feature_names.name"	"Yes"	"thl.ext.wyl.translit"	"Gyegyi Lungring"	"Tibetan"	"Latin script"	"1.feature_names.name"	"Yes"	"THL Simplified Tibetan Transcription"				4	681																														
8084	4504	15483	"pol.rel"	"is.administered.by"	"སྒྱོ་རམ"	"Tibetan"	"Tibetan script"	" OTA"	"sgyo ram"	"Tibetan"	"Latin script"	"1.feature_names.name"	"Yes"	"thl.ext.wyl.translit"	"Gyoram"	"Tibetan"	"Latin script"	"1.feature_names.name"	"Yes"	"THL Simplified Tibetan Transcription"				2	682																														
8085	4504	15483	"pol.rel"	"is.administered.by"	"རྟེའུ་མཁར"	"Tibetan"	"Tibetan script"	" OTA"	"rte'u mkhar"	"Tibetan"	"Latin script"	"1.feature_names.name"	"Yes"	"thl.ext.wyl.translit"	"Teu Khar"	"Tibetan"	"Latin script"	"1.feature_names.name"	"Yes"	"THL Simplified Tibetan Transcription"				4	682																														
8086	4504	15483	"pol.rel"	"is.administered.by"	"དབུ་རུ་ཤོད་གྱི་རེ་སྐམ"	"Tibetan"	"Tibetan script"	" OTA"	"dbu ru shod gyi re skam"	"Tibetan"	"Latin script"	"1.feature_names.name"	"Yes"	"thl.ext.wyl.translit"	"Uru Shögyi Rekam"	"Tibetan"	"Latin script"	"1.feature_names.name"	"Yes"	"THL Simplified Tibetan Transcription"	"Rekam"	"Tibetan"	"Latin script"	2	684																														
8087	4504	15483	"pol.rel"	"is.administered.by"	"ཤངས་གྱི་རབ་ཁ་ཚལ"	"Tibetan"	"Tibetan script"	" OTA"	"shangs gyi rab kha tshal"	"Tibetan"	"Latin script"	"1.feature_names.name"	"Yes"	"thl.ext.wyl.translit"	"Shanggyi Rapkha Tsel"	"Tibetan"	"Latin script"	"1.feature_names.name"	"Yes"	"THL Simplified Tibetan Transcription"	"Rabka"	"Tibetan"	"Latin script"	4	684																														
8088	4504	15483	"pol.rel"	"is.administered.by"	"ཤོང་སྣ"	"Tibetan"	"Tibetan script"	" OTA"	"shong sna"	"Tibetan"	"Latin script"	"1.feature_names.name"	"Yes"	"thl.ext.wyl.translit"	"Shongna"	"Tibetan"	"Latin script"	"1.feature_names.name"	"Yes"	"THL Simplified Tibetan Transcription"				2	686			2	692																										
8089	4504	15483	"pol.rel"	"is.administered.by"	"བྲ་མ་ཐང"	"Tibetan"	"Tibetan script"	" OTA"	"bra ma thang"	"Tibetan"	"Latin script"	"1.feature_names.name"	"Yes"	"thl.ext.wyl.translit"	"Drama Tang"	"Tibetan"	"Latin script"	"1.feature_names.name"	"Yes"	"THL Simplified Tibetan Transcription"				4	686			4	691																										
8090	4504	15483	"pol.rel"	"is.administered.by"	"བཟང་སུམ་ཚལ"	"Tibetan"	"Tibetan script"	" OTA"	"bzang sum tshal"	"Tibetan"	"Latin script"	"1.feature_names.name"	"Yes"	"thl.ext.wyl.translit"	"Zangsum Tsel"	"Tibetan"	"Latin script"	"1.feature_names.name"	"Yes"	"THL Simplified Tibetan Transcription"	"Sang"	"Tibetan"	"Latin script"	2	687			4	720																										
8091	4504	15483	"pol.rel"	"is.administered.by"	"ཟུ་སྤུག"	"Tibetan"	"Tibetan script"	" OTA"	"zu spug"	"Tibetan"	"Latin script"	"1.feature_names.name"	"Yes"	"thl.ext.wyl.translit"	"Zupuk"	"Tibetan"	"Latin script"	"1.feature_names.name"	"Yes"	"THL Simplified Tibetan Transcription"	"Zupuk"	"Tibetan"	"Latin script"	2	688																														
8092	4504	15483	"pol.rel"	"is.administered.by"	"ཞོགས་གྱི་ཚུར་ལུང"	"Tibetan"	"Tibetan script"	" OTA"	"zhogs gyi tshur lung"	"Tibetan"	"Latin script"	"1.feature_names.name"	"Yes"	"thl.ext.wyl.translit"	"Zhokgyi Tsurlung"	"Tibetan"	"Latin script"	"1.feature_names.name"	"Yes"	"THL Simplified Tibetan Transcription"	"Zhok"	"Tibetan"	"Latin script"	4	688																														
8093	4504	15483	"pol.rel"	"is.administered.by"	"ཕུལ་པོའི་ཉ་ཤ་ཚལ"	"Tibetan"	"Tibetan script"	" OTA"	"phul po'i nya sha tshal"	"Tibetan"	"Latin script"	"1.feature_names.name"	"Yes"	"thl.ext.wyl.translit"	"Pülpö Nyasha Tsel"	"Tibetan"	"Latin script"	"1.feature_names.name"	"Yes"	"THL Simplified Tibetan Transcription"				4	689																														
8094	4504	15483	"pol.rel"	"is.administered.by"	"རྩང་གྱི་གླིང་ཀར་ཚལ"	"Tibetan"	"Tibetan script"	" OTA"	"rtsang gyi gling kar tshal"	"Tibetan"	"Latin script"	"1.feature_names.name"	"Yes"	"thl.ext.wyl.translit"	"Tsanggyi Lingkar Tsel"	"Tibetan"	"Latin script"	"1.feature_names.name"	"Yes"	"THL Simplified Tibetan Transcription"	"Ling Kartshal"	"Tibetan"	"Latin script"	4	690																														
8095	4504	15483	"pol.rel"	"is.administered.by"	"སྲེའུ་གཞུག"	"Tibetan"	"Tibetan script"	" OTA"	"sre'u gzhug"	"Tibetan"	"Latin script"	"1.feature_names.name"	"Yes"	"thl.ext.wyl.translit"	"Seu Zhuk"	"Tibetan"	"Latin script"	"1.feature_names.name"	"Yes"	"THL Simplified Tibetan Transcription"				1	691																														
8096	4504	15483	"pol.rel"	"is.administered.by"	"ལྷ་གཤེགས"	"Tibetan"	"Tibetan script"	" OTA"	"lha gshegs"	"Tibetan"	"Latin script"	"1.feature_names.name"	"Yes"	"thl.ext.wyl.translit"	"Lhashek"	"Tibetan"	"Latin script"	"1.feature_names.name"	"Yes"	"THL Simplified Tibetan Transcription"				2	691																														
8097	4504	15483	"pol.rel"	"is.administered.by"	"ཁྲ་སྣ"	"Tibetan"	"Tibetan script"	" OTA"	"khra sna"	"Tibetan"	"Latin script"	"1.feature_names.name"	"Yes"	"thl.ext.wyl.translit"	"Trana"	"Tibetan"	"Latin script"	"1.feature_names.name"	"Yes"	"THL Simplified Tibetan Transcription"	"Trana"	"Tibetan"	"Latin script"	2	691																														
8098	4504	15483	"pol.rel"	"is.administered.by"	"སྐྱི་གླིང་རིངས་ཙལ"	"Tibetan"	"Tibetan script"	" OTA"	"skyi gling rings tsal"	"Tibetan"	"Latin script"	"1.feature_names.name"	"Yes"	"thl.ext.wyl.translit"	"Kyiling Ringtsel"	"Tibetan"	"Latin script"	"1.feature_names.name"	"Yes"	"THL Simplified Tibetan Transcription"	"Kyiling"	"Tibetan"	"Latin script"	4	692																														
8099	4504	15483	"pol.rel"	"is.administered.by"	"སྐྱི་སྟག་ཙལ"	"Tibetan"	"Tibetan script"	" OTA"	"skyi stag tsal"	"Tibetan"	"Latin script"	"1.feature_names.name"	"Yes"	"thl.ext.wyl.translit"	"Kyitak Tsel"	"Tibetan"	"Latin script"	"1.feature_names.name"	"Yes"	"THL Simplified Tibetan Transcription"				2	693																														
8100	4504	15483	"pol.rel"	"is.administered.by"	"བཟང་སུམ་ཙལ"	"Tibetan"	"Tibetan script"	" OTA"	"bzang sum tsal"	"Tibetan"	"Latin script"	"1.feature_names.name"	"Yes"	"thl.ext.wyl.translit"	"Zangsum Tsel"	"Tibetan"	"Latin script"	"1.feature_names.name"	"Yes"	"THL Simplified Tibetan Transcription"				4	693																														
8101	4504	15483	"pol.rel"	"is.administered.by"	"ཟུ་སྤུག་གི་ཞོན་བ"	"Tibetan"	"Tibetan script"	" OTA"	"zu spug gi zhon ba"	"Tibetan"	"Latin script"	"1.feature_names.name"	"Yes"	"thl.ext.wyl.translit"	"Zupukgi Zhönwa"	"Tibetan"	"Latin script"	"1.feature_names.name"	"Yes"	"THL Simplified Tibetan Transcription"	"Zupuk"	"Tibetan"	"Latin script"	2	694																														
8102	4504	15483	"pol.rel"	"is.administered.by"	"དྲའི་གྲོ་པུ"	"Tibetan"	"Tibetan script"	" OTA"	"dra'i gro pu"	"Tibetan"	"Latin script"	"1.feature_names.name"	"Yes"	"thl.ext.wyl.translit"	"Dredropu"	"Tibetan"	"Latin script"	"1.feature_names.name"	"Yes"	"THL Simplified Tibetan Transcription"	"Dra"	"Tibetan"	"Latin script"	2	695			2	718																										
8103	4504	15483	"pol.rel"	"is.administered.by"	"འོ་བར་ཚལ"	"Tibetan"	"Tibetan script"	" OTA"	"'o bar tshal"	"Tibetan"	"Latin script"	"1.feature_names.name"	"Yes"	"thl.ext.wyl.translit"	"Öbar Tsel"	"Tibetan"	"Latin script"	"1.feature_names.name"	"Yes"	"THL Simplified Tibetan Transcription"				4	696																														
8104	4504	15483	"pol.rel"	"is.administered.by"	"འོན་གྱི་འ་ག་ཙལ"	"Tibetan"	"Tibetan script"	" OTA"	"'on gyi 'a ga tsal"	"Tibetan"	"Latin script"	"1.feature_names.name"	"Yes"	"thl.ext.wyl.translit"	"Öngyi Aga Tsel"	"Tibetan"	"Latin script"	"1.feature_names.name"	"Yes"	"THL Simplified Tibetan Transcription"	"Aga"	"Tibetan"	"Latin script"	4		697	698																												
8105	4504	15483	"pol.rel"	"is.administered.by"	"འོན་ཅང་དོ"	"Tibetan"	"Tibetan script"	" OTA"	"'on cang do"	"Tibetan"	"Latin script"	"1.feature_names.name"	"Yes"	"thl.ext.wyl.translit"	"Önchang Do"	"Tibetan"	"Latin script"	"1.feature_names.name"	"Yes"	"THL Simplified Tibetan Transcription"	"Ontsangdo"	"Tibetan"	"Latin script"	4	702			4		707	709																								
8106	4504	15483	"pol.rel"	"is.administered.by"	"བྲག་སྒོ"	"Tibetan"	"Tibetan script"	" OTA"	"brag sgo"	"Tibetan"	"Latin script"	"1.feature_names.name"	"Yes"	"thl.ext.wyl.translit"	"Drakgo"	"Tibetan"	"Latin script"	"1.feature_names.name"	"Yes"	"THL Simplified Tibetan Transcription"				2	704																														
8107	4504	15483	"pol.rel"	"is.administered.by"	"བྱར་ལིངས་ཙལ"	"Tibetan"	"Tibetan script"	" OTA"	"byar lings tsal"	"Tibetan"	"Latin script"	"1.feature_names.name"	"Yes"	"thl.ext.wyl.translit"	"Jarling Tsel"	"Tibetan"	"Latin script"	"1.feature_names.name"	"Yes"	"THL Simplified Tibetan Transcription"				4	704			4	728																										
8108	4504	15483	"pol.rel"	"is.administered.by"	"ན་མར"	"Tibetan"	"Tibetan script"	" OTA"	"na mar"	"Tibetan"	"Latin script"	"1.feature_names.name"	"Yes"	"thl.ext.wyl.translit"	"Namar"	"Tibetan"	"Latin script"	"1.feature_names.name"	"Yes"	"THL Simplified Tibetan Transcription"				2	706																														
8109	4504	15483	"pol.rel"	"is.administered.by"	"ལྷ་གབ"	"Tibetan"	"Tibetan script"	" OTA"	"lha gab"	"Tibetan"	"Latin script"	"1.feature_names.name"	"Yes"	"thl.ext.wyl.translit"	"Lhagap"	"Tibetan"	"Latin script"	"1.feature_names.name"	"Yes"	"THL Simplified Tibetan Transcription"				2	707			2	726																										
8110	4504	15483	"pol.rel"	"is.administered.by"	"མཁྲིས་ཕ་ཏང"	"Tibetan"	"Tibetan script"	" OTA"	"mkhris pha tang"	"Tibetan"	"Latin script"	"1.feature_names.name"	"Yes"	"thl.ext.wyl.translit"	"Tripa Tang"	"Tibetan"	"Latin script"	"1.feature_names.name"	"Yes"	"THL Simplified Tibetan Transcription"				2	708			2	710																										
8111	4504	15483	"pol.rel"	"is.administered.by"	"མཁྲིས་ཕ་རྩ"	"Tibetan"	"Tibetan script"	" OTA"	"mkhris pha rtsa"	"Tibetan"	"Latin script"	"1.feature_names.name"	"Yes"	"thl.ext.wyl.translit"	"Tripa Tsa"	"Tibetan"	"Latin script"	"1.feature_names.name"	"Yes"	"THL Simplified Tibetan Transcription"				2	709																														
8112	4504	15483	"pol.rel"	"is.administered.by"	"གཟོང་ཕྱག"	"Tibetan"	"Tibetan script"	" OTA"	"gzong phyag"	"Tibetan"	"Latin script"	"1.feature_names.name"	"Yes"	"thl.ext.wyl.translit"	"Zongchak"	"Tibetan"	"Latin script"	"1.feature_names.name"	"Yes"	"THL Simplified Tibetan Transcription"				2	711																														
8113	4504	15483	"pol.rel"	"is.administered.by"	"སྐྱི་རྣམས"	"Tibetan"	"Tibetan script"	" OTA"	"skyi rnams"	"Tibetan"	"Latin script"	"1.feature_names.name"	"Yes"	"thl.ext.wyl.translit"	"Kyinam"	"Tibetan"	"Latin script"	"1.feature_names.name"	"Yes"	"THL Simplified Tibetan Transcription"	"Nam"	"Tibetan"	"Latin script"	4	711																														
8114	4504	15483	"pol.rel"	"is.administered.by"	"ལྷ་གབ་གྱི་བྱེ་མ་ལུང"	"Tibetan"	"Tibetan script"	" OTA"	"lha gab gyi bye ma lung"	"Tibetan"	"Latin script"	"1.feature_names.name"	"Yes"	"thl.ext.wyl.translit"	"Lhagapgyi Jema Lung"	"Tibetan"	"Latin script"	"1.feature_names.name"	"Yes"	"THL Simplified Tibetan Transcription"				2	712																														
8115	4504	15483	"pol.rel"	"is.administered.by"	"སྐྱི་དྲ་ཙལ"	"Tibetan"	"Tibetan script"	" OTA"	"skyi dra tsal"	"Tibetan"	"Latin script"	"1.feature_names.name"	"Yes"	"thl.ext.wyl.translit"	"Kyidra Tsel"	"Tibetan"	"Latin script"	"1.feature_names.name"	"Yes"	"THL Simplified Tibetan Transcription"				4	712																														
8116	4504	15483	"pol.rel"	"is.administered.by"	"ཟུ་སྤུག་གི་རྐྱང་བུ་ཙལ"	"Tibetan"	"Tibetan script"	" OTA"	"zu spug gi rkyang bu tsal"	"Tibetan"	"Latin script"	"1.feature_names.name"	"Yes"	"thl.ext.wyl.translit"	"Zupukgi Kyangbu Tsel"	"Tibetan"	"Latin script"	"1.feature_names.name"	"Yes"	"THL Simplified Tibetan Transcription"	"Zupuk"	"Tibetan"	"Latin script"	2	713			2	715																										
8117	4504	15483	"pol.rel"	"is.administered.by"	"མོང་ཀར"	"Tibetan"	"Tibetan script"	" OTA"	"mong kar"	"Tibetan"	"Latin script"	"1.feature_names.name"	"Yes"	"thl.ext.wyl.translit"	"Mongkar"	"Tibetan"	"Latin script"	"1.feature_names.name"	"Yes"	"THL Simplified Tibetan Transcription"	"Mong"	"Tibetan"	"Latin script"	4	713			4	723																										
8118	4504	15483	"pol.rel"	"is.administered.by"	"མལ་ཐྲོའི་ལྟམས"	"Tibetan"	"Tibetan script"	" OTA"	"mal thro'i ltams"	"Tibetan"	"Latin script"	"1.feature_names.name"	"Yes"	"thl.ext.wyl.translit"	"Meltrö Tam"	"Tibetan"	"Latin script"	"1.feature_names.name"	"Yes"	"THL Simplified Tibetan Transcription"	"Maldro"	"Tibetan"	"Latin script"	2	714																														
8119	4504	15483	"pol.rel"	"is.administered.by"	"མནོན"	"Tibetan"	"Tibetan script"	" OTA"	"mnon"	"Tibetan"	"Latin script"	"1.feature_names.name"	"Yes"	"thl.ext.wyl.translit"	"Nön"	"Tibetan"	"Latin script"	"1.feature_names.name"	"Yes"	"THL Simplified Tibetan Transcription"	"Non"	"Tibetan"	"Latin script"	4	714																														
8120	4504	15483	"pol.rel"	"is.administered.by"	"འོ་ཡུག་གི་ནུབས"	"Tibetan"	"Tibetan script"	" OTA"	"'o yug gi nubs"	"Tibetan"	"Latin script"	"1.feature_names.name"	"Yes"	"thl.ext.wyl.translit"	"Uyukgi Nup"	"Tibetan"	"Latin script"	"1.feature_names.name"	"Yes"	"THL Simplified Tibetan Transcription"	"Nub"	"Tibetan"	"Latin script"	4	715																														
8121	4504	15483	"pol.rel"	"is.administered.by"	"འདྲའི་ཟར་ཕུ"	"Tibetan"	"Tibetan script"	" OTA"	"'dra'i zar phu"	"Tibetan"	"Latin script"	"1.feature_names.name"	"Yes"	"thl.ext.wyl.translit"	"Drezar Pu"	"Tibetan"	"Latin script"	"1.feature_names.name"	"Yes"	"THL Simplified Tibetan Transcription"	"Zarpu"	"Tibetan"	"Latin script"	2	719																														
8122	4504	15483	"pol.rel"	"is.administered.by"	"ཚང་བང་སྣ"	"Tibetan"	"Tibetan script"	" OTA"	"tshang bang sna"	"Tibetan"	"Latin script"	"1.feature_names.name"	"Yes"	"thl.ext.wyl.translit"	"Tsangbangna"	"Tibetan"	"Latin script"	"1.feature_names.name"	"Yes"	"THL Simplified Tibetan Transcription"	"Bangna"	"Tibetan"	"Latin script"	4	719																														
8123	4504	15483	"pol.rel"	"is.administered.by"	"དུངས་གྱི་མཁའ་བུ"	"Tibetan"	"Tibetan script"	" OTA"	"dungs gyi mkha' bu"	"Tibetan"	"Latin script"	"1.feature_names.name"	"Yes"	"thl.ext.wyl.translit"	"Dunggyi Khabu"	"Tibetan"	"Latin script"	"1.feature_names.name"	"Yes"	"THL Simplified Tibetan Transcription"				2	720																														
8124	4504	15483	"pol.rel"	"is.administered.by"	"མཁར་ཕྲག"	"Tibetan"	"Tibetan script"	" OTA"	"mkhar phrag"	"Tibetan"	"Latin script"	"1.feature_names.name"	"Yes"	"thl.ext.wyl.translit"	"Khartrak"	"Tibetan"	"Latin script"	"1.feature_names.name"	"Yes"	"THL Simplified Tibetan Transcription"	"Lhasa"	"Tibetan"	"Latin script"	4		721	722	4	730																										
8125	4504	15483	"pol.rel"	"is.administered.by"	"དྲིབ་ནག"	"Tibetan"	"Tibetan script"	" OTA"	"drib nag"	"Tibetan"	"Latin script"	"1.feature_names.name"	"Yes"	"thl.ext.wyl.translit"	"Dripnak"	"Tibetan"	"Latin script"	"1.feature_names.name"	"Yes"	"THL Simplified Tibetan Transcription"				2		722	723																												
8126	4504	15483	"pol.rel"	"is.administered.by"	"དབུ་རུ་ཤོད་གྱི་ལྕིའུ་ལུང"	"Tibetan"	"Tibetan script"	" OTA"	"dbu ru shod gyi lci'u lung"	"Tibetan"	"Latin script"	"1.feature_names.name"	"Yes"	"thl.ext.wyl.translit"	"Uru Shögyi Chiulung"	"Tibetan"	"Latin script"	"1.feature_names.name"	"Yes"	"THL Simplified Tibetan Transcription"				2	724																														
8127	4504	15483	"pol.rel"	"is.administered.by"	"པ་ནོང་གི་ཆོས་གོང"	"Tibetan"	"Tibetan script"	" OTA"	"pa nong gi chos gong"	"Tibetan"	"Latin script"	"1.feature_names.name"	"Yes"	"thl.ext.wyl.translit"	"Panonggi Chögong"	"Tibetan"	"Latin script"	"1.feature_names.name"	"Yes"	"THL Simplified Tibetan Transcription"				2	724																														
8128	4504	15483	"pol.rel"	"is.administered.by"	"ལྷས་གང་ཙལ"	"Tibetan"	"Tibetan script"	" OTA"	"lhas gang tsal"	"Tibetan"	"Latin script"	"1.feature_names.name"	"Yes"	"thl.ext.wyl.translit"	"Lhé Gang Tsel"	"Tibetan"	"Latin script"	"1.feature_names.name"	"Yes"	"THL Simplified Tibetan Transcription"	"Lhegang"	"Tibetan"	"Latin script"	4	724			4	727			4		732	733																				
8129	4504	15483	"pol.rel"	"is.administered.by"	"བལ་པོའི་བྲིའུ་ཐང"	"Tibetan"	"Tibetan script"	" OTA"	"bal po'i bri'u  thang"	"Tibetan"	"Latin script"	"1.feature_names.name"	"Yes"	"thl.ext.wyl.translit"	"Belpö Driu Tang"	"Tibetan"	"Latin script"	"1.feature_names.name"	"Yes"	"THL Simplified Tibetan Transcription"	"Balpo"	"Tibetan"	"Latin script"	2	725																														
8130	4504	15483	"pol.rel"	"is.administered.by"	"ཟློ"	"Tibetan"	"Tibetan script"	" OTA"	"zlo"	"Tibetan"	"Latin script"	"1.feature_names.name"	"Yes"	"thl.ext.wyl.translit"	"Do"	"Tibetan"	"Latin script"	"1.feature_names.name"	"Yes"	"THL Simplified Tibetan Transcription"	"Lo"	"Tibetan"	"Latin script"	"sring"	726			4	734			4	759																						
8131	4504	15483	"pol.rel"	"is.administered.by"	"ཟྲིད་གྱི་ལུང་ནག"	"Tibetan"	"Tibetan script"	" OTA"	"zrid gyi lung nag"	"Tibetan"	"Latin script"	"1.feature_names.name"	"Yes"	"thl.ext.wyl.translit"	"Zigyi Lungnak"	"Tibetan"	"Latin script"	"1.feature_names.name"	"Yes"	"THL Simplified Tibetan Transcription"				2	728																														
8132	4504	15483	"pol.rel"	"is.administered.by"	"སྐྱི་ཤོ་མ་ར"	"Tibetan"	"Tibetan script"	" OTA"	"skyi sho ma ra"	"Tibetan"	"Latin script"	"1.feature_names.name"	"Yes"	"thl.ext.wyl.translit"	"Kyisho Mara"	"Tibetan"	"Latin script"	"1.feature_names.name"	"Yes"	"THL Simplified Tibetan Transcription"	"Shomara"	"Tibetan"	"Latin script"	4	729			4	731			4	744																						
8133	4504	15483	"pol.rel"	"is.administered.by"	"སྲེགས་གྱི་བྱ་ཙལ"	"Tibetan"	"Tibetan script"	" OTA"	"sregs gyi bya tsal"	"Tibetan"	"Latin script"	"1.feature_names.name"	"Yes"	"thl.ext.wyl.translit"	"Sekgyi Ja Tsel"	"Tibetan"	"Latin script"	"1.feature_names.name"	"Yes"	"THL Simplified Tibetan Transcription"				4	738																														
8134	4504	15483	"pol.rel"	"is.administered.by"	"ཅུ་བགོ་རྟེའུ་མཁར"	"Tibetan"	"Tibetan script"	" OTA"	"cu bgo rte'u mkhar"	"Tibetan"	"Latin script"	"1.feature_names.name"	"Yes"	"thl.ext.wyl.translit"	"Chugo Teu Khar"	"Tibetan"	"Latin script"	"1.feature_names.name"	"Yes"	"THL Simplified Tibetan Transcription"				4	738																														
8135	4504	15483	"pol.rel"	"is.administered.by"	"བྲེང"	"Tibetan"	"Tibetan script"	" OTA"	"breng"	"Tibetan"	"Latin script"	"1.feature_names.name"	"Yes"	"thl.ext.wyl.translit"	"Dreng"	"Tibetan"	"Latin script"	"1.feature_names.name"	"Yes"	"THL Simplified Tibetan Transcription"				2	743																														
8136	4504	15483	"pol.rel"	"is.administered.by"	"དྲ་བྱེ"	"Tibetan"	"Tibetan script"	" OTA"	"dra bye"	"Tibetan"	"Latin script"	"1.feature_names.name"	"Yes"	"thl.ext.wyl.translit"	"Drajé"	"Tibetan"	"Latin script"	"1.feature_names.name"	"Yes"	"THL Simplified Tibetan Transcription"	"Je"	"Tibetan"	"Latin script"	4	745																														
8137	4504	15483	"pol.rel"	"is.administered.by"	"སྐྱི་བྱར་ལིངས་ཚལ"	"Tibetan"	"Tibetan script"	" OTA"	"skyi byar lings tshal"	"Tibetan"	"Latin script"	"1.feature_names.name"	"Yes"	"thl.ext.wyl.translit"	"Kyijar Ling Tsel"	"Tibetan"	"Latin script"	"1.feature_names.name"	"Yes"	"THL Simplified Tibetan Transcription"				4	746																														
8138	4504	15483	"pol.rel"	"is.administered.by"	"དྲའི་རྩེ་གྲོ"	"Tibetan"	"Tibetan script"	" OTA"	"dra'i rtse gro"	"Tibetan"	"Latin script"	"1.feature_names.name"	"Yes"	"thl.ext.wyl.translit"	"Dré Tsedro"	"Tibetan"	"Latin script"	"1.feature_names.name"	"Yes"	"THL Simplified Tibetan Transcription"	"Tse"	"Tibetan"	"Latin script"	4	747																														
8139	4504	15483	"pol.rel"	"is.administered.by"	"རག་ཏགི་ཀོག"	"Tibetan"	"Tibetan script"	" OTA"	"rag tagi kog"	"Tibetan"	"Latin script"	"1.feature_names.name"	"Yes"	"thl.ext.wyl.translit"	"Raktagi Kok"	"Tibetan"	"Latin script"	"1.feature_names.name"	"Yes"	"THL Simplified Tibetan Transcription"				4	755																														
8140	4504	15483	"pol.rel"	"is.administered.by"	"སྐྱི་ཕྱི་ཙལ"	"Tibetan"	"Tibetan script"	" OTA"	"skyi phyi tsal"	"Tibetan"	"Latin script"	"1.feature_names.name"	"Yes"	"thl.ext.wyl.translit"	"Kyichi Tsel"	"Tibetan"	"Latin script"	"1.feature_names.name"	"Yes"	"THL Simplified Tibetan Transcription"				4	756																														
8141	4504	15483	"pol.rel"	"is.administered.by"	"སྟོད་གྱི་མོང"	"Tibetan"	"Tibetan script"	" OTA"	"stod gyi mong"	"Tibetan"	"Latin script"	"1.feature_names.name"	"Yes"	"thl.ext.wyl.translit"	"Tögyi Mong"	"Tibetan"	"Latin script"	"1.feature_names.name"	"Yes"	"THL Simplified Tibetan Transcription"	"Mong"	"Tibetan"	"Latin script"	2	757																														
8142	4504	15483	"pol.rel"	"is.administered.by"	"ནེ་ཙོ་ལུང"	"Tibetan"	"Tibetan script"	" OTA"	"ne tso lung"	"Tibetan"	"Latin script"	"1.feature_names.name"	"Yes"	"thl.ext.wyl.translit"	"Netso Lung"	"Tibetan"	"Latin script"	"1.feature_names.name"	"Yes"	"THL Simplified Tibetan Transcription"				2	760																														
8143	4504	15483	"pol.rel"	"is.administered.by"	"མལ་ཏྲོའི་བརྫེན་ཐང"	"Tibetan"	"Tibetan script"	" OTA"	"mal tro'i brdzen thang"	"Tibetan"	"Latin script"	"1.feature_names.name"	"Yes"	"thl.ext.wyl.translit"	"Meltrö Dzentang"	"Tibetan"	"Latin script"	"1.feature_names.name"	"Yes"	"THL Simplified Tibetan Transcription"	"Dzen"	"Tibetan"	"Latin script"	2	761																														
8144	4504	15483	"pol.rel"	"is.administered.by"	"སྐྱི་བུ"	"Tibetan"	"Tibetan script"	" OTA"	"skyi bu"	"Tibetan"	"Latin script"	"1.feature_names.name"	"Yes"	"thl.ext.wyl.translit"	"Kyibu"	"Tibetan"	"Latin script"	"1.feature_names.name"	"Yes"	"THL Simplified Tibetan Transcription"	"Bur"	"Tibetan"	"Latin script"	4	761			4	762																										
8016	4503	15483	"pol.admin.hier"	"is.administrative.seat.of"	"མེར་ཀེ"	"Tibetan"	"Tibetan script"	" OTA"	"mer ke"	"Tibetan"	"Latin script"	"1.feature_names.name"	"Yes"	"thl.ext.wyl.translit"	"Merké"	"Tibetan"	"Latin script"	"1.feature_names.name"	"Yes"	"THL Simplified Tibetan Transcription"	"Merke"	"Tibetan"	"Latin script"		650					654	658		661																						
8017	4503	15483	"pol.admin.hier"	"is.administrative.seat.of"	"ཉེན་ཀར"	"Tibetan"	"Tibetan script"	" OTA"	"nyen kar"	"Tibetan"	"Latin script"	"1.feature_names.name"	"Yes"	"thl.ext.wyl.translit"	"Nyenkar"	"Tibetan"	"Latin script"	"1.feature_names.name"	"Yes"	"THL Simplified Tibetan Transcription"	"Nyenkar"	"Tibetan"	"Latin script"			651	653			677	688			691	693	4	759																		
8018	4503	15483	"pol.admin.hier"	"is.administrative.seat.of"	"སྤྲགས་ཀྱི་ཤ་ར"	"Tibetan"	"Tibetan script"	" OTA"	"sprags kyi sha ra"	"Tibetan"	"Latin script"	"1.feature_names.name"	"Yes"	"thl.ext.wyl.translit"	"Trakkyi Shara"	"Tibetan"	"Latin script"	"1.feature_names.name"	"Yes"	"THL Simplified Tibetan Transcription"	"Drak"	"Tibetan"	"Latin script"		659				668			2	676																						
8019	4503	15483	"pol.admin.hier"	"is.administrative.seat.of"	"མལ་ཏྲོའི་སྐྱེ་བྱེ"	"Tibetan"	"Tibetan script"	" OTA"	"mal tro'i skye bye"	"Tibetan"	"Latin script"	"1.feature_names.name"	"Yes"	"thl.ext.wyl.translit"	"Meltrö Kyejé"	"Tibetan"	"Latin script"	"1.feature_names.name"	"Yes"	"THL Simplified Tibetan Transcription"	"Maldro"	"Tibetan"	"Latin script"		660																														
8020	4503	15483	"pol.admin.hier"	"is.administrative.seat.of"	"སྣམ་སྟོད"	"Tibetan"	"Tibetan script"	" OTA"	"snam stod"	"Tibetan"	"Latin script"	"1.feature_names.name"	"Yes"	"thl.ext.wyl.translit"	"Namtö"	"Tibetan"	"Latin script"	"1.feature_names.name"	"Yes"	"THL Simplified Tibetan Transcription"	"Nam"	"Tibetan"	"Latin script"		663																														
8021	4503	15483	"pol.admin.hier"	"is.administrative.seat.of"	"ཟྲིད་ཀྱི་ལུང་ནག"	"Tibetan"	"Tibetan script"	" OTA"	"zrid kyi lung nag"	"Tibetan"	"Latin script"	"1.feature_names.name"	"Yes"	"thl.ext.wyl.translit"	"Zikyi Lungnak"	"Tibetan"	"Latin script"	"1.feature_names.name"	"Yes"	"THL Simplified Tibetan Transcription"						665	666		669																										
8022	4503	15483	"pol.admin.hier"	"is.administrative.seat.of"	"འོར་མང"	"Tibetan"	"Tibetan script"	" OTA"	"'or mang"	"Tibetan"	"Latin script"	"1.feature_names.name"	"Yes"	"thl.ext.wyl.translit"	"Ormang"	"Tibetan"	"Latin script"	"1.feature_names.name"	"Yes"	"THL Simplified Tibetan Transcription"					667																														
8023	4503	15483	"pol.admin.hier"	"is.administrative.seat.of"	"འོ་དང"	"Tibetan"	"Tibetan script"	" OTA"	"'o dang"	"Tibetan"	"Latin script"	"1.feature_names.name"	"Yes"	"thl.ext.wyl.translit"	"Odang"	"Tibetan"	"Latin script"	"1.feature_names.name"	"Yes"	"THL Simplified Tibetan Transcription"	"Odang"	"Tibetan"	"Latin script"		670			2	670																										
8024	4503	15483	"pol.admin.hier"	"is.administrative.seat.of"	"ལྟམ་གྱི་ར་སྔོན"	"Tibetan"	"Tibetan script"	" OTA"	"ltam gyi ra sngon"	"Tibetan"	"Latin script"	"1.feature_names.name"	"Yes"	"thl.ext.wyl.translit"	"Tamgyi Rangön"	"Tibetan"	"Latin script"	"1.feature_names.name"	"Yes"	"THL Simplified Tibetan Transcription"				2	671																														
8025	4503	15483	"pol.admin.hier"	"is.administrative.seat.of"	"ཉ་མངས་ཚལ"	"Tibetan"	"Tibetan script"	" OTA"	"nya mangs tshal"	"Tibetan"	"Latin script"	"1.feature_names.name"	"Yes"	"thl.ext.wyl.translit"	"Nyamang Tsel"	"Tibetan"	"Latin script"	"1.feature_names.name"	"Yes"	"THL Simplified Tibetan Transcription"				4	671																														
8026	4503	15483	"pol.admin.hier"	"is.administrative.seat.of"	"ཤངས་གྱི་སུམ་ཆུ་བོ"	"Tibetan"	"Tibetan script"	" OTA"	"shangs gyi sum chu bo"	"Tibetan"	"Latin script"	"1.feature_names.name"	"Yes"	"thl.ext.wyl.translit"	"Shanggyi Sum Chuwo"	"Tibetan"	"Latin script"	"1.feature_names.name"	"Yes"	"THL Simplified Tibetan Transcription"	"Sumchu"	"Tibetan"	"Latin script"	2	672			2	673																										
8027	4503	15483	"pol.admin.hier"	"is.administrative.seat.of"	"ནམ་ཙེ་གླིང"	"Tibetan"	"Tibetan script"	" OTA"	"nam tse gling"	"Tibetan"	"Latin script"	"1.feature_names.name"	"Yes"	"thl.ext.wyl.translit"	"Namtsé Ling"	"Tibetan"	"Latin script"	"1.feature_names.name"	"Yes"	"THL Simplified Tibetan Transcription"	"Namtseling"	"Tibetan"	"Latin script"	4	672																														
8028	4503	15483	"pol.admin.hier"	"is.administrative.seat.of"	"ཕོ་དམ་མདོ"	"Tibetan"	"Tibetan script"	" OTA"	"pho dam mdo"	"Tibetan"	"Latin script"	"1.feature_names.name"	"Yes"	"thl.ext.wyl.translit"	"Podam Do"	"Tibetan"	"Latin script"	"1.feature_names.name"	"Yes"	"THL Simplified Tibetan Transcription"	"Phodamdo"	"Tibetan"	"Latin script"	2	673																														
8029	4503	15483	"pol.admin.hier"	"is.administrative.seat.of"	"ཤངས་གྱི་རབ་ཀ་ཙལ"	"Tibetan"	"Tibetan script"	" OTA"	"shangs gyi rab ka tsal"	"Tibetan"	"Latin script"	"1.feature_names.name"	"Yes"	"thl.ext.wyl.translit"	"Shanggyi Rapka Tsel"	"Tibetan"	"Latin script"	"1.feature_names.name"	"Yes"	"THL Simplified Tibetan Transcription"	"Rabka"	"Tibetan"	"Latin script"	4	673																														
8030	4503	15483	"pol.admin.hier"	"is.administrative.seat.of"	"ཟྲིད"	"Tibetan"	"Tibetan script"	" OTA"	"zrid"	"Tibetan"	"Latin script"	"1.feature_names.name"	"Yes"	"thl.ext.wyl.translit"	"Zi"	"Tibetan"	"Latin script"	"1.feature_names.name"	"Yes"	"THL Simplified Tibetan Transcription"				2	674																														
8031	4503	15483	"pol.admin.hier"	"is.administrative.seat.of"	"ཚང་བང་སྣ"	"Tibetan"	"Tibetan script"	" OTA"	"tshang bang sna"	"Tibetan"	"Latin script"	"1.feature_names.name"	"Yes"	"thl.ext.wyl.translit"	"Tsangbangna"	"Tibetan"	"Latin script"	"1.feature_names.name"	"Yes"	"THL Simplified Tibetan Transcription"	"Bangna"	"Tibetan"	"Latin script"	4	674			4	676																										
8032	4503	15483	"pol.admin.hier"	"is.administrative.seat.of"	"ཞེ་ཤིང"	"Tibetan"	"Tibetan script"	" OTA"	"zhe shing"	"Tibetan"	"Latin script"	"1.feature_names.name"	"Yes"	"thl.ext.wyl.translit"	"Zheshing"	"Tibetan"	"Latin script"	"1.feature_names.name"	"Yes"	"THL Simplified Tibetan Transcription"				1	675																														
8033	4503	15483	"pol.admin.hier"	"is.administrative.seat.of"	"བལ་པོ"	"Tibetan"	"Tibetan script"	" OTA"	"bal po"	"Tibetan"	"Latin script"	"1.feature_names.name"	"Yes"	"thl.ext.wyl.translit"	"Belpo"	"Tibetan"	"Latin script"	"1.feature_names.name"	"Yes"	"THL Simplified Tibetan Transcription"	"Balpo"	"Tibetan"	"Latin script"	2	675			2	690			2	695			2	697			2	699			2		707	712	2		718	719	2		722	723
8034	4503	15483	"pol.admin.hier"	"is.administrative.seat.of"	"འོན་གྱི་སྣ་བོ"	"Tibetan"	"Tibetan script"	" OTA"	"'on gyi sna bo"	"Tibetan"	"Latin script"	"1.feature_names.name"	"Yes"	"thl.ext.wyl.translit"	"Öngyi Nawo"	"Tibetan"	"Latin script"	"1.feature_names.name"	"Yes"	"THL Simplified Tibetan Transcription"	"Nabo"	"Tibetan"	"Latin script"	4	675																														
8035	4503	15483	"pol.admin.hier"	"is.administrative.seat.of"	"འོན་གྱི་འ་ག་ཚལ"	"Tibetan"	"Tibetan script"	" OTA"	"'on gyi 'a ga tshal"	"Tibetan"	"Latin script"	"1.feature_names.name"	"Yes"	"thl.ext.wyl.translit"	"Öngyi Aga Tsel"	"Tibetan"	"Latin script"	"1.feature_names.name"	"Yes"	"THL Simplified Tibetan Transcription"	"Aga"	"Tibetan"	"Latin script"	4	690																														
8036	4503	15483	"pol.admin.hier"	"is.administrative.seat.of"	"མལ་ཏྲོའི་བརྫེན་ཏང"	"Tibetan"	"Tibetan script"	" OTA"	"mal tro'i brdzen tang"	"Tibetan"	"Latin script"	"1.feature_names.name"	"Yes"	"thl.ext.wyl.translit"	"Meltrö Dzentang"	"Tibetan"	"Latin script"	"1.feature_names.name"	"Yes"	"THL Simplified Tibetan Transcription"	"Dzen"	"Tibetan"	"Latin script"	2	694			2		713	714																								
8037	4503	15483	"pol.admin.hier"	"is.administrative.seat.of"	"རེའུ་ཙལ"	"Tibetan"	"Tibetan script"	" OTA"	"re'u tsal"	"Tibetan"	"Latin script"	"1.feature_names.name"	"Yes"	"thl.ext.wyl.translit"	"Reu Tsel"	"Tibetan"	"Latin script"	"1.feature_names.name"	"Yes"	"THL Simplified Tibetan Transcription"				4	694																														
8038	4503	15483	"pol.admin.hier"	"is.administrative.seat.of"	"ལྟམ"	"Tibetan"	"Tibetan script"	" OTA"	"ltam"	"Tibetan"	"Latin script"	"1.feature_names.name"	"Yes"	"thl.ext.wyl.translit"	"Tam"	"Tibetan"	"Latin script"	"1.feature_names.name"	"Yes"	"THL Simplified Tibetan Transcription"	"Tam"	"Tibetan"	"Latin script"	2	695																														
8039	4503	15483	"pol.admin.hier"	"is.administrative.seat.of"	"བྲག་མར"	"Tibetan"	"Tibetan script"	" OTA"	"brag mar"	"Tibetan"	"Latin script"	"1.feature_names.name"	"Yes"	"thl.ext.wyl.translit"	"Drakmar"	"Tibetan"	"Latin script"	"1.feature_names.name"	"Yes"	"THL Simplified Tibetan Transcription"	"Drakmar"	"Tibetan"	"Latin script"	4	695			4	697			4		707	713	4		717	726	4		728	738	4		740	741	4		743	747				
8040	4503	15483	"pol.admin.hier"	"is.administrative.seat.of"	"ཟྲིད་མདའ"	"Tibetan"	"Tibetan script"	" OTA"	"zrid mda'"	"Tibetan"	"Latin script"	"1.feature_names.name"	"Yes"	"thl.ext.wyl.translit"	"Zida"	"Tibetan"	"Latin script"	"1.feature_names.name"	"Yes"	"THL Simplified Tibetan Transcription"				2	696																														
8041	4503	15483	"pol.admin.hier"	"is.administrative.seat.of"	"ཕར"	"Tibetan"	"Tibetan script"	" OTA"	"phar"	"Tibetan"	"Latin script"	"1.feature_names.name"	"Yes"	"thl.ext.wyl.translit"	"Par"	"Tibetan"	"Latin script"	"1.feature_names.name"	"Yes"	"THL Simplified Tibetan Transcription"				4	698																														
8042	4503	15483	"pol.admin.hier"	"is.administrative.seat.of"	"དོལད་གྱི་མར་མ"	"Tibetan"	"Tibetan script"	" OTA"	"dold gyi mar ma"	"Tibetan"	"Latin script"	"1.feature_names.name"	"Yes"	"thl.ext.wyl.translit"	"Dölgyi Marma"	"Tibetan"	"Latin script"	"1.feature_names.name"	"Yes"	"THL Simplified Tibetan Transcription"	"Marma"	"Tibetan"	"Latin script"	4	699																														
8043	4503	15483	"pol.admin.hier"	"is.administrative.seat.of"	"རྨ་བྱ་ཙལ"	"Tibetan"	"Tibetan script"	" OTA"	"rma bya tsal"	"Tibetan"	"Latin script"	"1.feature_names.name"	"Yes"	"thl.ext.wyl.translit"	"Mapja Tsel"	"Tibetan"	"Latin script"	"1.feature_names.name"	"Yes"	"THL Simplified Tibetan Transcription"				4	700																														
8044	4503	15483	"pol.admin.hier"	"is.administrative.seat.of"	"གསེར་ཞ"	"Tibetan"	"Tibetan script"	" OTA"	"gser zha"	"Tibetan"	"Latin script"	"1.feature_names.name"	"Yes"	"thl.ext.wyl.translit"	"Serzha"	"Tibetan"	"Latin script"	"1.feature_names.name"	"Yes"	"THL Simplified Tibetan Transcription"				2	701																														
8045	4503	15483	"pol.admin.hier"	"is.administrative.seat.of"	"ཁྲི་རྩེ"	"Tibetan"	"Tibetan script"	" OTA"	"khri rtse"	"Tibetan"	"Latin script"	"1.feature_names.name"	"Yes"	"thl.ext.wyl.translit"	"Tritsé"	"Tibetan"	"Latin script"	"1.feature_names.name"	"Yes"	"THL Simplified Tibetan Transcription"				4	701			4	702																										
8046	4503	15483	"pol.admin.hier"	"is.administrative.seat.of"	"པོང་ཁྲི་མུ་སྟེངས"	"Tibetan"	"Tibetan script"	" OTA"	"pong khri mu stengs"	"Tibetan"	"Latin script"	"1.feature_names.name"	"Yes"	"thl.ext.wyl.translit"	"Pongtri Muteng"	"Tibetan"	"Latin script"	"1.feature_names.name"	"Yes"	"THL Simplified Tibetan Transcription"				2	702																														
8047	4503	15483	"pol.admin.hier"	"is.administrative.seat.of"	"གླིང་གི་འོལ་བྱག"	"Tibetan"	"Tibetan script"	" OTA"	"gling gi 'ol byag"	"Tibetan"	"Latin script"	"1.feature_names.name"	"Yes"	"thl.ext.wyl.translit"	"Linggi Öljak"	"Tibetan"	"Latin script"	"1.feature_names.name"	"Yes"	"THL Simplified Tibetan Transcription"				2	703																														
8048	4503	15483	"pol.admin.hier"	"is.administrative.seat.of"	"འཇང་ཡུལ"	"Tibetan"	"Tibetan script"	" OTA"	"'jang yul"	"Tibetan"	"Latin script"	"1.feature_names.name"	"Yes"	"thl.ext.wyl.translit"	"Jangyül"	"Tibetan"	"Latin script"	"1.feature_names.name"	"Yes"	"THL Simplified Tibetan Transcription"				4	703																														
8049	4503	15483	"pol.admin.hier"	"is.administrative.seat.of"	"རྨ་གྲོམ་གྱི་ཡོ་ཏི་ཆུ་བཟངས"	"Tibetan"	"Tibetan script"	" OTA"	"rma grom gyi yo ti chu bzangs"	"Tibetan"	"Latin script"	"1.feature_names.name"	"Yes"	"thl.ext.wyl.translit"	"Madromgyi Yoti Chupzang"	"Tibetan"	"Latin script"	"1.feature_names.name"	"Yes"	"THL Simplified Tibetan Transcription"				2	704																														
8050	4503	15483	"pol.admin.hier"	"is.administrative.seat.of"	"མྱྭ"	"Tibetan"	"Tibetan script"	" OTA"	"mywa"	"Tibetan"	"Latin script"	"1.feature_names.name"	"Yes"	"thl.ext.wyl.translit"	"Nya"	"Tibetan"	"Latin script"	"1.feature_names.name"	"Yes"	"THL Simplified Tibetan Transcription"				4	704																														
8051	4503	15483	"pol.admin.hier"	"is.administrative.seat.of"	"དྲོན"	"Tibetan"	"Tibetan script"	" OTA"	"dron"	"Tibetan"	"Latin script"	"1.feature_names.name"	"Yes"	"thl.ext.wyl.translit"	"Drön"	"Tibetan"	"Latin script"	"1.feature_names.name"	"Yes"	"THL Simplified Tibetan Transcription"	"Drom"	"Tibetan"	"Latin script"	2	705		706	2		733	738																								
8052	4503	15483	"pol.admin.hier"	"is.administrative.seat.of"	"ལྷས་གང་ཙལ"	"Tibetan"	"Tibetan script"	" OTA"	"lhas gang tsal"	"Tibetan"	"Latin script"	"1.feature_names.name"	"Yes"	"thl.ext.wyl.translit"	"Lhé Gang Tsel"	"Tibetan"	"Latin script"	"1.feature_names.name"	"Yes"	"THL Simplified Tibetan Transcription"	"Lhegang"	"Tibetan"	"Latin script"	4	707																														
8053	4503	15483	"pol.admin.hier"	"is.administrative.seat.of"	"ཞེ་ཤིང་གི་རྩིབས"	"Tibetan"	"Tibetan script"	" OTA"	"zhe shing gi rtsibs"	"Tibetan"	"Latin script"	"1.feature_names.name"	"Yes"	"thl.ext.wyl.translit"	"Zheshinggi Tsip"	"Tibetan"	"Latin script"	"1.feature_names.name"	"Yes"	"THL Simplified Tibetan Transcription"				2	715																														
8054	4503	15483	"pol.admin.hier"	"is.administrative.seat.of"	"མྱ་ཤ་ཙལ"	"Tibetan"	"Tibetan script"	" OTA"	"mya sha tsal"	"Tibetan"	"Latin script"	"1.feature_names.name"	"Yes"	"thl.ext.wyl.translit"	"Nyasha Tsel"	"Tibetan"	"Latin script"	"1.feature_names.name"	"Yes"	"THL Simplified Tibetan Transcription"				4	715																														
8055	4503	15483	"pol.admin.hier"	"is.administrative.seat.of"	"དུངས"	"Tibetan"	"Tibetan script"	" OTA"	"dungs"	"Tibetan"	"Latin script"	"1.feature_names.name"	"Yes"	"thl.ext.wyl.translit"	"Dung"	"Tibetan"	"Latin script"	"1.feature_names.name"	"Yes"	"THL Simplified Tibetan Transcription"				2	717																														
8056	4503	15483	"pol.admin.hier"	"is.administrative.seat.of"	"དུངས་གྱི་སྟག་ཙལ"	"Tibetan"	"Tibetan script"	" OTA"	"dungs gyi stag tsal"	"Tibetan"	"Latin script"	"1.feature_names.name"	"Yes"	"thl.ext.wyl.translit"	"Dunggyi Taktsel"	"Tibetan"	"Latin script"	"1.feature_names.name"	"Yes"	"THL Simplified Tibetan Transcription"				2	720		721																												
8057	4503	15483	"pol.admin.hier"	"is.administrative.seat.of"	"སྤེལ"	"Tibetan"	"Tibetan script"	" OTA"	"spel"	"Tibetan"	"Latin script"	"1.feature_names.name"	"Yes"	"thl.ext.wyl.translit"	"Pel"	"Tibetan"	"Latin script"	"1.feature_names.name"	"Yes"	"THL Simplified Tibetan Transcription"				2	724																														
8058	4503	15483	"pol.admin.hier"	"is.administrative.seat.of"	"མཚར་བུ་སྣ"	"Tibetan"	"Tibetan script"	" OTA"	"mtshar bu sna"	"Tibetan"	"Latin script"	"1.feature_names.name"	"Yes"	"thl.ext.wyl.translit"	"Tsarbuna"	"Tibetan"	"Latin script"	"1.feature_names.name"	"Yes"	"THL Simplified Tibetan Transcription"				2	725																														
8059	4503	15483	"pol.admin.hier"	"is.administrative.seat.of"	"སྲེ་གའི་མཚར་བུ་སྣ"	"Tibetan"	"Tibetan script"	" OTA"	"sre ga'i mtshar bu sna"	"Tibetan"	"Latin script"	"1.feature_names.name"	"Yes"	"thl.ext.wyl.translit"	"Segé Tsarbuna"	"Tibetan"	"Latin script"	"1.feature_names.name"	"Yes"	"THL Simplified Tibetan Transcription"				2	726			2	729			2	731			2	742																		
8060	4503	15483	"pol.admin.hier"	"is.administrative.seat.of"	"འ་ཞ"	"Tibetan"	"Tibetan script"	" OTA"	"'a zha"	"Tibetan"	"Latin script"	"1.feature_names.name"	"Yes"	"thl.ext.wyl.translit"	"Azha"	"Tibetan"	"Latin script"	"1.feature_names.name"	"Yes"	"THL Simplified Tibetan Transcription"				2	727																														
8061	4503	15483	"pol.admin.hier"	"is.administrative.seat.of"	"ཇོར་གོང་སྣ"	"Tibetan"	"Tibetan script"	" OTA"	"jor gong sna"	"Tibetan"	"Latin script"	"1.feature_names.name"	"Yes"	"thl.ext.wyl.translit"	"Jorgongna"	"Tibetan"	"Latin script"	"1.feature_names.name"	"Yes"	"THL Simplified Tibetan Transcription"				4	727																														
8062	4503	15483	"pol.admin.hier"	"is.administrative.seat.of"	"བ་ཅོས་གྱི་དིང་དིང་ཏང"	"Tibetan"	"Tibetan script"	" OTA"	"ba cos gyi ding ding tang"	"Tibetan"	"Latin script"	"1.feature_names.name"	"Yes"	"thl.ext.wyl.translit"	"Bachögyi Dingdingtang"	"Tibetan"	"Latin script"	"1.feature_names.name"	"Yes"	"THL Simplified Tibetan Transcription"				2	730			2	732																										
8063	4503	15483	"pol.admin.hier"	"is.administrative.seat.of"	"མཚར་བུ་སྣའི་ངང་མོ་གླིང"	"Tibetan"	"Tibetan script"	" OTA"	"mtshar bu sna'i ngang mo gling"	"Tibetan"	"Latin script"	"1.feature_names.name"	"Yes"	"thl.ext.wyl.translit"	"Tsarbuné Ngangmo Ling"	"Tibetan"	"Latin script"	"1.feature_names.name"	"Yes"	"THL Simplified Tibetan Transcription"				2	740																														
8064	4503	15483	"pol.admin.hier"	"is.administrative.seat.of"	"ར་མཚར"	"Tibetan"	"Tibetan script"	" OTA"	"ra mtshar"	"Tibetan"	"Latin script"	"1.feature_names.name"	"Yes"	"thl.ext.wyl.translit"	"Ratsar"	"Tibetan"	"Latin script"	"1.feature_names.name"	"Yes"	"THL Simplified Tibetan Transcription"				2	743			2	744																										
8065	4503	15483	"pol.admin.hier"	"is.administrative.seat.of"	"ན་མར"	"Tibetan"	"Tibetan script"	" OTA"	"na mar"	"Tibetan"	"Latin script"	"1.feature_names.name"	"Yes"	"thl.ext.wyl.translit"	"Namar"	"Tibetan"	"Latin script"	"1.feature_names.name"	"Yes"	"THL Simplified Tibetan Transcription"				2	746		747																												
8066	4503	15483	"pol.admin.hier"	"is.administrative.seat.of"	"ཟུང་ཀར"	"Tibetan"	"Tibetan script"	" OTA"	"zung kar"	"Tibetan"	"Latin script"	"1.feature_names.name"	"Yes"	"thl.ext.wyl.translit"	"Zungkar"	"Tibetan"	"Latin script"	"1.feature_names.name"	"Yes"	"THL Simplified Tibetan Transcription"	"Zungkar"	"Tibetan"	"Latin script"	2	756																														
8067	4503	15483	"pol.admin.hier"	"is.administrative.seat.of"	"བ་བམས་གྱི་གཡག་རུ་གོང"	"Tibetan"	"Tibetan script"	" OTA"	"ba bams gyi g.yag ru gong"	"Tibetan"	"Latin script"	"1.feature_names.name"	"Yes"	"thl.ext.wyl.translit"	"Babamgyi Yakrugong"	"Tibetan"	"Latin script"	"1.feature_names.name"	"Yes"	"THL Simplified Tibetan Transcription"				2	757																														
8068	4503	15483	"pol.admin.hier"	"is.administrative.seat.of"	"སྟོད་གྱི་ལྕང་བུ"	"Tibetan"	"Tibetan script"	" OTA"	"stod gyi lcang bu"	"Tibetan"	"Latin script"	"1.feature_names.name"	"Yes"	"thl.ext.wyl.translit"	"Tögyi Changbu"	"Tibetan"	"Latin script"	"1.feature_names.name"	"Yes"	"THL Simplified Tibetan Transcription"	"Tsangbu"	"Tibetan"	"Latin script"	4	757		758	4	762			4	764																						
8069	4503	15483	"pol.admin.hier"	"is.administrative.seat.of"	"ཟུ་སྤུག"	"Tibetan"	"Tibetan script"	" OTA"	"zu spug"	"Tibetan"	"Latin script"	"1.feature_names.name"	"Yes"	"thl.ext.wyl.translit"	"Zupuk"	"Tibetan"	"Latin script"	"1.feature_names.name"	"Yes"	"THL Simplified Tibetan Transcription"	"Zupuk"	"Tibetan"	"Latin script"	2	758			2	761																										
8070	4503	15483	"pol.admin.hier"	"is.administrative.seat.of"	"སྟོད་གྱི་མཁོ"	"Tibetan"	"Tibetan script"	" OTA"	"stod gyi mkho"	"Tibetan"	"Latin script"	"1.feature_names.name"	"Yes"	"thl.ext.wyl.translit"	"Tögyi Kho"	"Tibetan"	"Latin script"	"1.feature_names.name"	"Yes"	"THL Simplified Tibetan Transcription"				2	759																														
8071	4503	15483	"pol.admin.hier"	"is.administrative.seat.of"	"མྱང་སྒྲོམ"	"Tibetan"	"Tibetan script"	" OTA"	"myang sgrom"	"Tibetan"	"Latin script"	"1.feature_names.name"	"Yes"	"thl.ext.wyl.translit"	"Nyangdrom"	"Tibetan"	"Latin script"	"1.feature_names.name"	"Yes"	"THL Simplified Tibetan Transcription"				2	760																														
8072	4503	15483	"pol.admin.hier"	"is.administrative.seat.of"	"བྱར་གྱི་ལྕང་བུ"	"Tibetan"	"Tibetan script"	" OTA"	"byar gyi lcang bu"	"Tibetan"	"Latin script"	"1.feature_names.name"	"Yes"	"thl.ext.wyl.translit"	"Jargyi Changbu"	"Tibetan"	"Latin script"	"1.feature_names.name"	"Yes"	"THL Simplified Tibetan Transcription"	"Kyiling"	"Tibetan"	"Latin script"	4	761																														
8073	4503	15483	"pol.admin.hier"	"is.administrative.seat.of"	"ས་བྱར"	"Tibetan"	"Tibetan script"	" OTA"	"sa byar"	"Tibetan"	"Latin script"	"1.feature_names.name"	"Yes"	"thl.ext.wyl.translit"	"Sajar"	"Tibetan"	"Latin script"	"1.feature_names.name"	"Yes"	"THL Simplified Tibetan Transcription"				2	762																														
